Label,Notation,Parent Notation,Sort Priority,Description
World,world,,1,
Africa North,africa-north,world,2,
Africa Sub-Saharan,africa-sub-saharan,world,3,
America Central and South,america-central-and-south,world,4,
America North,america-north,world,5,
Asia Central,asia-central,world,6,
Asia East,asia-east,world,7,
Asia South,asia-south,world,8,
Asia South East,asia-south-east,world,9,
EU 14,eu-14,world,10,
EU 2,eu-2,world,11,
EU 8,eu-8,world,12,
EU Other,eu-other,world,13,
Europe Other,europe-other,world,14,
Middle East,middle-east,world,15,
Oceania,oceania,world,16,
Other,other,world,17,
Afghanistan,afghanistan,asia-central,18,
Albania,albania,europe-other,19,
Algeria,algeria,africa-north,20,
American Samoa,american-samoa,oceania,21,
Andorra,andorra,europe-other,22,
Angola,angola,africa-sub-saharan,23,
Anguilla (British),anguilla-british,other,24,
Antigua and Barbuda,antigua-and-barbuda,america-central-and-south,25,
Argentina,argentina,america-central-and-south,26,
Armenia,armenia,europe-other,27,
Aruba,aruba,america-central-and-south,28,
Australia,australia,oceania,29,
Austria,austria,eu-14,30,
Azerbaijan,azerbaijan,europe-other,31,
"Bahamas, The",bahamas-the,america-central-and-south,32,
Bahrain,bahrain,middle-east,33,
Bangladesh,bangladesh,asia-south,34,
Barbados,barbados,america-central-and-south,35,
Belarus,belarus,europe-other,36,
Belgium,belgium,eu-14,37,
Belize,belize,america-central-and-south,38,
Benin,benin,africa-sub-saharan,39,
Bermuda (British),bermuda-british,other,40,
Bhutan,bhutan,asia-south,41,
Bolivia,bolivia,america-central-and-south,42,
"Bonaire, Sint Eustatius and Saba",bonaire-sint-eustatius-and-saba,america-central-and-south,43,
Bosnia and Herzegovina,bosnia-and-herzegovina,europe-other,44,
Botswana,botswana,africa-sub-saharan,45,
Brazil,brazil,america-central-and-south,46,
British overseas citizens,british-overseas-citizens,other,47,
Brunei,brunei,asia-south-east,48,
Bulgaria,bulgaria,eu-2,49,
Burkina,burkina,africa-sub-saharan,50,
Burma,burma,asia-south-east,51,
Burundi,burundi,africa-sub-saharan,52,
Cambodia,cambodia,asia-south-east,53,
Cameroon,cameroon,africa-sub-saharan,54,
Canada,canada,america-north,55,
Cape Verde,cape-verde,africa-sub-saharan,56,
Cayman Islands (British),cayman-islands-british,other,57,
Central African Republic,central-african-republic,africa-sub-saharan,58,
Chad,chad,africa-sub-saharan,59,
Chile,chile,america-central-and-south,60,
China,china,asia-east,61,
Christmas Island,christmas-island,oceania,62,
Cocos (Keeling) Islands,cocos-keeling-islands,oceania,63,
Colombia,colombia,america-central-and-south,64,
Comoros,comoros,africa-sub-saharan,65,
Congo,congo,africa-sub-saharan,66,
Congo (Democratic Republic),congo-democratic-republic,africa-sub-saharan,67,
Cook Islands,cook-islands,oceania,68,
Costa Rica,costa-rica,america-central-and-south,69,
Croatia,croatia,eu-other,70,
Cuba,cuba,america-central-and-south,71,
Curacao,curacao,america-central-and-south,72,
Cyprus,cyprus,eu-other,73,
Cyprus (Northern part of),cyprus-northern-part-of,europe-other,74,
Czech Republic,czech-republic,eu-8,75,
Denmark,denmark,eu-14,76,
Djibouti,djibouti,africa-sub-saharan,77,
Dominica,dominica,america-central-and-south,78,
Dominican Republic,dominican-republic,america-central-and-south,79,
East Timor,east-timor,asia-south-east,80,
Ecuador,ecuador,america-central-and-south,81,
Egypt,egypt,africa-north,82,
El Salvador,el-salvador,america-central-and-south,83,
Equatorial Guinea,equatorial-guinea,africa-sub-saharan,84,
Eritrea,eritrea,africa-sub-saharan,85,
Estonia,estonia,eu-8,86,
Ethiopia,ethiopia,africa-sub-saharan,87,
Falkland Islands (British),falkland-islands-british,other,88,
Faroe Islands,faroe-islands,europe-other,89,
Fiji,fiji,oceania,90,
Finland,finland,eu-14,91,
Former Yugoslavia,former-yugoslavia,europe-other,92,
France,france,eu-14,93,
French Guiana,french-guiana,america-central-and-south,94,
French Polynesia,french-polynesia,oceania,95,
Gabon,gabon,africa-sub-saharan,96,
"Gambia, The",gambia-the,africa-sub-saharan,97,
Georgia,georgia,europe-other,98,
Germany,germany,eu-14,99,
Ghana,ghana,africa-sub-saharan,100,
Gibraltar (British),gibraltar-british,other,101,
Greece,greece,eu-14,102,
Greenland,greenland,europe-other,103,
Grenada,grenada,america-central-and-south,104,
Guadeloupe,guadeloupe,america-central-and-south,105,
Guam,guam,oceania,106,
Guatemala,guatemala,america-central-and-south,107,
Guinea,guinea,africa-sub-saharan,108,
Guinea-Bissau,guinea-bissau,africa-sub-saharan,109,
Guyana,guyana,america-central-and-south,110,
Haiti,haiti,america-central-and-south,111,
Heard Island and McDonald Islands,heard-island-and-mcdonald-islands,oceania,112,
Honduras,honduras,america-central-and-south,113,
Hong Kong,hong-kong,asia-east,114,
Hungary,hungary,eu-8,115,
Iceland,iceland,europe-other,116,
India,india,asia-south,117,
Indonesia,indonesia,asia-south-east,118,
Iran,iran,middle-east,119,
Iraq,iraq,middle-east,120,
Ireland,ireland,eu-14,121,
Israel,israel,middle-east,122,
Italy,italy,eu-14,123,
Ivory Coast,ivory-coast,africa-sub-saharan,124,
Jamaica,jamaica,america-central-and-south,125,
Japan,japan,asia-east,126,
Jordan,jordan,middle-east,127,
Kazakhstan,kazakhstan,asia-central,128,
Kenya,kenya,africa-sub-saharan,129,
Kiribati,kiribati,oceania,130,
Korea (North),korea-north,asia-east,131,
Korea (South),korea-south,asia-east,132,
Kosovo,kosovo,europe-other,133,
Kuwait,kuwait,middle-east,134,
Kyrgyzstan,kyrgyzstan,asia-central,135,
Laos,laos,asia-south-east,136,
Latvia,latvia,eu-8,137,
Lebanon,lebanon,middle-east,138,
Lesotho,lesotho,africa-sub-saharan,139,
Liberia,liberia,africa-sub-saharan,140,
Libya,libya,africa-north,141,
Liechtenstein,liechtenstein,europe-other,142,
Lithuania,lithuania,eu-8,143,
Luxembourg,luxembourg,eu-14,144,
Macau,macau,asia-east,145,
Macedonia,macedonia,europe-other,146,
Madagascar,madagascar,africa-sub-saharan,147,
Malawi,malawi,africa-sub-saharan,148,
Malaysia,malaysia,asia-south-east,149,
Maldives,maldives,asia-south,150,
Mali,mali,africa-sub-saharan,151,
Malta,malta,eu-other,152,
Marshall Islands,marshall-islands,oceania,153,
Martinique,martinique,america-central-and-south,154,
Mauritania,mauritania,africa-north,155,
Mauritius,mauritius,africa-sub-saharan,156,
Mayotte,mayotte,africa-sub-saharan,157,
Mexico,mexico,america-central-and-south,158,
Micronesia,micronesia,oceania,159,
Moldova,moldova,europe-other,160,
Monaco,monaco,europe-other,161,
Mongolia,mongolia,asia-east,162,
Montenegro,montenegro,europe-other,163,
Montserrat (British),montserrat-british,other,164,
Morocco,morocco,africa-north,165,
Mozambique,mozambique,africa-sub-saharan,166,
Namibia,namibia,africa-sub-saharan,167,
Nauru,nauru,oceania,168,
Nepal,nepal,asia-south,169,
Netherlands,netherlands,eu-14,170,
Netherlands Antilles,netherlands-antilles,america-central-and-south,171,
New Caledonia,new-caledonia,oceania,172,
New Zealand,new-zealand,oceania,173,
Nicaragua,nicaragua,america-central-and-south,174,
Niger,niger,africa-sub-saharan,175,
Nigeria,nigeria,africa-sub-saharan,176,
Niue,niue,oceania,177,
Norfolk Island,norfolk-island,oceania,178,
Northern Mariana Islands,northern-mariana-islands,oceania,179,
Norway,norway,europe-other,180,
Occupied Palestinian Territories,occupied-palestinian-territories,middle-east,181,
Oman,oman,middle-east,182,
Other and unknown,other-and-unknown,other,183,
Pakistan,pakistan,asia-south,184,
Palau,palau,oceania,185,
Panama,panama,america-central-and-south,186,
Papua New Guinea,papua-new-guinea,oceania,187,
Paraguay,paraguay,america-central-and-south,188,
Peru,peru,america-central-and-south,189,
Philippines,philippines,asia-south-east,190,
Pitcairn Islands (British),pitcairn-islands-british,other,191,
Poland,poland,eu-8,192,
Portugal,portugal,eu-14,193,
Puerto Rico,puerto-rico,america-north,194,
Qatar,qatar,middle-east,195,
Refugee,refugee,other,196,
Rest of world,rest-of-world,world,197,
Reunion,reunion,africa-sub-saharan,198,
Romania,romania,eu-2,199,
Russia,russia,europe-other,200,
Rwanda,rwanda,africa-sub-saharan,201,
Samoa,samoa,oceania,202,
San Marino,san-marino,europe-other,203,
Sao Tome and Principe,sao-tome-and-principe,africa-sub-saharan,204,
Saudi Arabia,saudi-arabia,middle-east,205,
Senegal,senegal,africa-sub-saharan,206,
Serbia,serbia,europe-other,207,
Serbia and Montenegro,serbia-and-montenegro,europe-other,208,
Seychelles,seychelles,africa-sub-saharan,209,
Sierra Leone,sierra-leone,africa-sub-saharan,210,
Singapore,singapore,asia-south-east,211,
Slovakia,slovakia,eu-8,212,
Slovenia,slovenia,eu-8,213,
Solomon Islands,solomon-islands,oceania,214,
Somalia,somalia,africa-sub-saharan,215,
South Africa,south-africa,africa-sub-saharan,216,
South Georgia and South Sandwich Islands,south-georgia-and-south-sandwich-islands,other,217,
Spain,spain,eu-14,218,
Sri Lanka,sri-lanka,asia-south,219,
St. Helena (British),st-helena-british,other,220,
St. Kitts and Nevis,st-kitts-and-nevis,america-central-and-south,221,
St. Lucia,st-lucia,america-central-and-south,222,
St. Maarten (Dutch Part),st-maarten-dutch-part,america-central-and-south,223,
St. Martin (French Part),st-martin-french-part,america-central-and-south,224,
St. Pierre and Miquelon,st-pierre-and-miquelon,america-central-and-south,225,
St. Vincent and the Grenadines,st-vincent-and-the-grenadines,america-central-and-south,226,
Stateless,stateless,other,227,
Sudan,sudan,africa-north,228,
Sudan (South),sudan-south,africa-sub-saharan,229,
Surinam,surinam,america-central-and-south,230,
Svalbard and Jan Mayen,svalbard-and-jan-mayen,europe-other,231,
Swaziland,swaziland,africa-sub-saharan,232,
Sweden,sweden,eu-14,233,
Switzerland,switzerland,europe-other,234,
Syria,syria,middle-east,235,
Taiwan,taiwan,asia-east,236,
Tajikistan,tajikistan,asia-central,237,
Tanzania,tanzania,africa-sub-saharan,238,
Thailand,thailand,asia-south-east,239,
Togo,togo,africa-sub-saharan,240,
Tokelau,tokelau,oceania,241,
Tonga,tonga,oceania,242,
Trinidad and Tobago,trinidad-and-tobago,america-central-and-south,243,
Tunisia,tunisia,africa-north,244,
Turkey,turkey,europe-other,245,
Turkmenistan,turkmenistan,asia-central,246,
Turks and Caicos Islands (British),turks-and-caicos-islands-british,other,247,
Tuvalu,tuvalu,oceania,248,
Uganda,uganda,africa-sub-saharan,249,
Ukraine,ukraine,europe-other,250,
United Arab Emirates,united-arab-emirates,middle-east,251,
United States,united-states,america-north,252,
Uruguay,uruguay,america-central-and-south,253,
Uzbekistan,uzbekistan,asia-central,254,
Vanuatu,vanuatu,oceania,255,
Vatican City,vatican-city,europe-other,256,
Venezuela,venezuela,america-central-and-south,257,
Vietnam,vietnam,asia-south-east,258,
Virgin Islands (British),virgin-islands-british,other,259,
Virgin Islands (US),virgin-islands-us,america-north,260,
Wallis and Futuna,wallis-and-futuna,oceania,261,
Western Sahara,western-sahara,africa-north,262,
Yemen,yemen,middle-east,263,
Zambia,zambia,africa-sub-saharan,264,
Zimbabwe,zimbabwe,africa-sub-saharan,265,
